,BLACK_SCHOLES_PRICING,BLACK_SCHOLES_PRICING,MONTE_CARLO_SIMULATION_PRICING,MONTE_CARLO_SIMULATION_PRICING
,Call,Put,Call,Put
100_Number_ofpaths,24.58883544392775,0.6871894039848714,27.379396536371445,0.3233188833226397
621_Number_ofpaths,24.58883544392775,0.6871894039848714,26.005304380323064,0.6812328544818783
1142_Number_ofpaths,24.58883544392775,0.6871894039848714,25.784130816546885,0.6801928251325865
1663_Number_ofpaths,24.58883544392775,0.6871894039848714,25.769628178066817,0.6978325732260402
2184_Number_ofpaths,24.58883544392775,0.6871894039848714,25.994601398683987,0.6323198867456599
2705_Number_ofpaths,24.58883544392775,0.6871894039848714,25.858092475727478,0.5817772163313288
3226_Number_ofpaths,24.58883544392775,0.6871894039848714,25.81503866631632,0.7846368173531375
3747_Number_ofpaths,24.58883544392775,0.6871894039848714,25.929023115534974,0.7653782253414755
4268_Number_ofpaths,24.58883544392775,0.6871894039848714,25.80967753644608,0.7165483510744838
4789_Number_ofpaths,24.58883544392775,0.6871894039848714,25.83145835790541,0.7393175519223596
5310_Number_ofpaths,24.58883544392775,0.6871894039848714,25.91456853753374,0.7553425931227571
5831_Number_ofpaths,24.58883544392775,0.6871894039848714,25.787274537560283,0.6863607769819832
6352_Number_ofpaths,24.58883544392775,0.6871894039848714,25.99832479267563,0.7224024246797046
6873_Number_ofpaths,24.58883544392775,0.6871894039848714,25.790435326203927,0.7171572352239866
7394_Number_ofpaths,24.58883544392775,0.6871894039848714,25.87950839445361,0.6890112060386318
7915_Number_ofpaths,24.58883544392775,0.6871894039848714,25.849426501819597,0.7141190127016003
8436_Number_ofpaths,24.58883544392775,0.6871894039848714,25.877132328836538,0.7037954914244047
8957_Number_ofpaths,24.58883544392775,0.6871894039848714,25.89024048983637,0.7012099155825061
9478_Number_ofpaths,24.58883544392775,0.6871894039848714,25.920715577711768,0.7539293996781172
10000_Number_ofpaths,24.58883544392775,0.6871894039848714,25.865942145798652,0.7331900723671835
