,BLACK_SCHOLES_PRICING,BLACK_SCHOLES_PRICING,MONTE_CARLO_SIMULATION_PRICING,MONTE_CARLO_SIMULATION_PRICING
,Call,Put,Call,Put
100_step_price,24.58883544392775,0.6871894039848714,26.64684245932053,1.1065965829823594
500_step_price,24.58883544392775,0.6871894039848714,26.092018176380726,0.8313208824504619
1000_step_price,24.58883544392775,0.6871894039848714,25.78476023294239,0.6355517991236902
10000_step_price,24.58883544392775,0.6871894039848714,25.770335586119877,0.7318189517714337
