,BLACK_SCHOLES_PRICING,BLACK_SCHOLES_PRICING,MONTE_CARLO_SIMULATION_PRICING,MONTE_CARLO_SIMULATION_PRICING
,Call,Put,Call,Put
100_step_price,24.58883544392775,0.6871894039848714,25.11418033067794,1.0310404657895313
500_step_price,24.58883544392775,0.6871894039848714,25.837844589934903,0.6091393455276388
1000_step_price,24.58883544392775,0.6871894039848714,25.771063822600517,0.8563925493556888
10000_step_price,24.58883544392775,0.6871894039848714,25.84454531493418,0.7168356663033968
