,BLACK_SCHOLES_PRICING,BLACK_SCHOLES_PRICING,MONTE_CARLO_SIMULATION_PRICING,MONTE_CARLO_SIMULATION_PRICING
,Call,Put,Call,Put
100_Number_ofpaths,24.58883544392775,0.6871894039848714,25.984427205782954,0.6783939546001452
621_Number_ofpaths,24.58883544392775,0.6871894039848714,25.798662034952848,0.6401817579375132
1142_Number_ofpaths,24.58883544392775,0.6871894039848714,25.96048980331313,0.670106852751484
1663_Number_ofpaths,24.58883544392775,0.6871894039848714,25.890533316550666,0.7096066389420432
2184_Number_ofpaths,24.58883544392775,0.6871894039848714,25.762299266777436,0.7109324634656498
2705_Number_ofpaths,24.58883544392775,0.6871894039848714,26.05022118696294,0.7208066241282125
3226_Number_ofpaths,24.58883544392775,0.6871894039848714,25.776546099146657,0.6941278910295807
3747_Number_ofpaths,24.58883544392775,0.6871894039848714,25.780961580431565,0.6974877491336591
4268_Number_ofpaths,24.58883544392775,0.6871894039848714,25.7569706639825,0.7303288885760308
4789_Number_ofpaths,24.58883544392775,0.6871894039848714,25.864484148983745,0.7350187468657964
5310_Number_ofpaths,24.58883544392775,0.6871894039848714,25.942111288769254,0.7426236821577751
5831_Number_ofpaths,24.58883544392775,0.6871894039848714,25.862446691395885,0.7461069050946078
6352_Number_ofpaths,24.58883544392775,0.6871894039848714,25.76506434208402,0.7124193675479535
6873_Number_ofpaths,24.58883544392775,0.6871894039848714,25.76966601377532,0.7066728480796595
7394_Number_ofpaths,24.58883544392775,0.6871894039848714,25.78857033939602,0.7613079156397633
7915_Number_ofpaths,24.58883544392775,0.6871894039848714,25.790142193134802,0.7431862739228274
8436_Number_ofpaths,24.58883544392775,0.6871894039848714,25.868288829994558,0.7013252267689465
8957_Number_ofpaths,24.58883544392775,0.6871894039848714,25.870850913235795,0.7824778033139327
9478_Number_ofpaths,24.58883544392775,0.6871894039848714,25.829352646579498,0.7238943358735442
10000_Number_ofpaths,24.58883544392775,0.6871894039848714,25.87104781004439,0.7586274831858218
