,BLACK_SCHOLES_PRICING,BLACK_SCHOLES_PRICING,MONTE_CARLO_SIMULATION_PRICING,MONTE_CARLO_SIMULATION_PRICING
,Call,Put,Call,Put
100_Number_ofpaths,24.58883544392775,0.6871894039848714,26.031641847023888,0.4404161341663533
621_Number_ofpaths,24.58883544392775,0.6871894039848714,25.79025380057138,0.802504275215953
1142_Number_ofpaths,24.58883544392775,0.6871894039848714,25.846695739213988,0.846805551492633
1663_Number_ofpaths,24.58883544392775,0.6871894039848714,25.76710026573778,0.8226794573634927
2184_Number_ofpaths,24.58883544392775,0.6871894039848714,25.831935844759105,0.6744341356743687
2705_Number_ofpaths,24.58883544392775,0.6871894039848714,25.792246128271934,0.7264342032374566
3226_Number_ofpaths,24.58883544392775,0.6871894039848714,25.866092873741934,0.725296308703771
3747_Number_ofpaths,24.58883544392775,0.6871894039848714,25.83075825239161,0.7040774252794831
4268_Number_ofpaths,24.58883544392775,0.6871894039848714,25.81301484816444,0.754222004937144
4789_Number_ofpaths,24.58883544392775,0.6871894039848714,25.87381304524866,0.7062757690658971
5310_Number_ofpaths,24.58883544392775,0.6871894039848714,25.88009384398269,0.7362023029943965
5831_Number_ofpaths,24.58883544392775,0.6871894039848714,25.769418177997903,0.6977497114117361
6352_Number_ofpaths,24.58883544392775,0.6871894039848714,25.8206474402397,0.7463852520098636
6873_Number_ofpaths,24.58883544392775,0.6871894039848714,25.80609859890212,0.6913754315098268
7394_Number_ofpaths,24.58883544392775,0.6871894039848714,25.851542578526363,0.7396969805435966
7915_Number_ofpaths,24.58883544392775,0.6871894039848714,25.78584243231172,0.6918826379888101
8436_Number_ofpaths,24.58883544392775,0.6871894039848714,25.94603615010999,0.7096986335949266
8957_Number_ofpaths,24.58883544392775,0.6871894039848714,25.831564867016773,0.7158714811738225
9478_Number_ofpaths,24.58883544392775,0.6871894039848714,25.906017919154536,0.7530668992439529
10000_Number_ofpaths,24.58883544392775,0.6871894039848714,25.85790021113573,0.7299512894989165
