,BLACK_SCHOLES_PRICING,BLACK_SCHOLES_PRICING,MONTE_CARLO_SIMULATION_PRICING,MONTE_CARLO_SIMULATION_PRICING
,Call,Put,Call,Put
100_Number_ofpaths,24.58883544392775,0.6871894039848714,25.81321041655635,0.4707965792358415
621_Number_ofpaths,24.58883544392775,0.6871894039848714,25.798527730518934,0.747810085997127
1142_Number_ofpaths,24.58883544392775,0.6871894039848714,25.75260251568467,0.7145201994412235
1663_Number_ofpaths,24.58883544392775,0.6871894039848714,25.773382811139378,0.6904625247462994
2184_Number_ofpaths,24.58883544392775,0.6871894039848714,25.9175477522396,0.7353340790636659
2705_Number_ofpaths,24.58883544392775,0.6871894039848714,25.81787593486221,0.6915777109785697
3226_Number_ofpaths,24.58883544392775,0.6871894039848714,26.03557274937991,0.6511253429144276
3747_Number_ofpaths,24.58883544392775,0.6871894039848714,25.881569520578687,0.8115337594902002
4268_Number_ofpaths,24.58883544392775,0.6871894039848714,25.865572167716635,0.7086695492563785
4789_Number_ofpaths,24.58883544392775,0.6871894039848714,25.821665756158584,0.690286628395427
5310_Number_ofpaths,24.58883544392775,0.6871894039848714,25.784583522020977,0.7152702907792889
5831_Number_ofpaths,24.58883544392775,0.6871894039848714,25.77974562824359,0.7297592116012402
6352_Number_ofpaths,24.58883544392775,0.6871894039848714,25.829261534140866,0.6888411531882336
6873_Number_ofpaths,24.58883544392775,0.6871894039848714,25.76879109372026,0.7514586336476865
7394_Number_ofpaths,24.58883544392775,0.6871894039848714,25.84481453515721,0.7252906801571579
7915_Number_ofpaths,24.58883544392775,0.6871894039848714,25.800711514030965,0.6735061197493595
8436_Number_ofpaths,24.58883544392775,0.6871894039848714,25.782236263362346,0.7605525684693735
8957_Number_ofpaths,24.58883544392775,0.6871894039848714,25.850496270184333,0.6981005186118822
9478_Number_ofpaths,24.58883544392775,0.6871894039848714,25.922936969873888,0.7250415925113312
10000_Number_ofpaths,24.58883544392775,0.6871894039848714,25.919152461242227,0.7261719623795335
