,BLACK_SCHOLES_PRICING,BLACK_SCHOLES_PRICING,MONTE_CARLO_SIMULATION_PRICING,MONTE_CARLO_SIMULATION_PRICING
,Call,Put,Call,Put
100_Number_ofpaths,24.58883544392775,0.6871894039848714,25.277908096192746,1.0058236886563057
621_Number_ofpaths,24.58883544392775,0.6871894039848714,26.33752324493661,0.6095617589848965
1142_Number_ofpaths,24.58883544392775,0.6871894039848714,25.781037256988295,0.749295370308075
1663_Number_ofpaths,24.58883544392775,0.6871894039848714,25.8209558912382,0.7427548109839861
2184_Number_ofpaths,24.58883544392775,0.6871894039848714,25.7051387714633,0.7331153256242201
2705_Number_ofpaths,24.58883544392775,0.6871894039848714,25.79931172604323,0.7297860928694968
3226_Number_ofpaths,24.58883544392775,0.6871894039848714,25.849083671917267,0.72233333653585
3747_Number_ofpaths,24.58883544392775,0.6871894039848714,25.721204009385737,0.7784067226789855
4268_Number_ofpaths,24.58883544392775,0.6871894039848714,25.70623705627839,0.7137146474219289
4789_Number_ofpaths,24.58883544392775,0.6871894039848714,25.79358056883654,0.7295466792138997
5310_Number_ofpaths,24.58883544392775,0.6871894039848714,25.875257233439388,0.7875189835143246
5831_Number_ofpaths,24.58883544392775,0.6871894039848714,25.850569021311696,0.6886530626396746
6352_Number_ofpaths,24.58883544392775,0.6871894039848714,25.87327617688314,0.7045252544101755
6873_Number_ofpaths,24.58883544392775,0.6871894039848714,25.946784654158513,0.7198412028887721
7394_Number_ofpaths,24.58883544392775,0.6871894039848714,25.852145485955507,0.7306086474708147
7915_Number_ofpaths,24.58883544392775,0.6871894039848714,25.859379684355424,0.7214877908156483
8436_Number_ofpaths,24.58883544392775,0.6871894039848714,25.87710710827775,0.7051577613051471
8957_Number_ofpaths,24.58883544392775,0.6871894039848714,25.84041713996688,0.6938896580490245
9478_Number_ofpaths,24.58883544392775,0.6871894039848714,25.85295505480558,0.6765522372635938
10000_Number_ofpaths,24.58883544392775,0.6871894039848714,25.809220718901887,0.7488781536220258
