,BLACK_SCHOLES_PRICING,BLACK_SCHOLES_PRICING,MONTE_CARLO_SIMULATION_PRICING,MONTE_CARLO_SIMULATION_PRICING
,Call,Put,Call,Put
100_Number_ofpaths,24.58883544392775,0.6871894039848714,25.660251322373437,1.1256654819185508
621_Number_ofpaths,24.58883544392775,0.6871894039848714,26.181202270406786,0.5347677072897998
1142_Number_ofpaths,24.58883544392775,0.6871894039848714,26.01970711872226,0.6836226621692294
1663_Number_ofpaths,24.58883544392775,0.6871894039848714,25.773316961596,0.7049176168460807
2184_Number_ofpaths,24.58883544392775,0.6871894039848714,25.834723041849422,0.7167672868748035
2705_Number_ofpaths,24.58883544392775,0.6871894039848714,25.791253957414657,0.7430258802388098
3226_Number_ofpaths,24.58883544392775,0.6871894039848714,25.884650147876172,0.6855897241974498
3747_Number_ofpaths,24.58883544392775,0.6871894039848714,25.890477876755323,0.7657842335175163
4268_Number_ofpaths,24.58883544392775,0.6871894039848714,25.795175253953825,0.7466608305632305
4789_Number_ofpaths,24.58883544392775,0.6871894039848714,25.82936542096241,0.753119997008967
5310_Number_ofpaths,24.58883544392775,0.6871894039848714,25.857957791449483,0.7189599023108024
5831_Number_ofpaths,24.58883544392775,0.6871894039848714,25.837730260611558,0.7177622473830287
6352_Number_ofpaths,24.58883544392775,0.6871894039848714,25.897164026524475,0.7413241923362358
6873_Number_ofpaths,24.58883544392775,0.6871894039848714,25.796253494233287,0.6918010085855625
7394_Number_ofpaths,24.58883544392775,0.6871894039848714,25.958077217908087,0.707012424371451
7915_Number_ofpaths,24.58883544392775,0.6871894039848714,25.765027819218034,0.7253122637733295
8436_Number_ofpaths,24.58883544392775,0.6871894039848714,25.85101490306589,0.696048948528267
8957_Number_ofpaths,24.58883544392775,0.6871894039848714,25.824555777802992,0.7852822535168554
9478_Number_ofpaths,24.58883544392775,0.6871894039848714,25.922918581067616,0.7193733239443155
10000_Number_ofpaths,24.58883544392775,0.6871894039848714,25.727617977189727,0.7181511947048969
