,BLACK_SCHOLES_PRICING,BLACK_SCHOLES_PRICING,MONTE_CARLO_SIMULATION_PRICING,MONTE_CARLO_SIMULATION_PRICING
,Call,Put,Call,Put
100_Number_ofpaths,24.58883544392775,0.6871894039848714,25.193653067908727,0.6392378268093033
621_Number_ofpaths,24.58883544392775,0.6871894039848714,25.837059701098042,0.568286364301153
1142_Number_ofpaths,24.58883544392775,0.6871894039848714,25.88037125391111,0.7884526619352766
1663_Number_ofpaths,24.58883544392775,0.6871894039848714,25.864194042429745,0.7308082566364842
2184_Number_ofpaths,24.58883544392775,0.6871894039848714,25.766128232041687,0.77175781332967
2705_Number_ofpaths,24.58883544392775,0.6871894039848714,25.802053567808393,0.6929763658445356
3226_Number_ofpaths,24.58883544392775,0.6871894039848714,25.905157931915728,0.7004293971744326
3747_Number_ofpaths,24.58883544392775,0.6871894039848714,25.901665464952618,0.7756200930114412
4268_Number_ofpaths,24.58883544392775,0.6871894039848714,25.801154517280214,0.8139487862871303
4789_Number_ofpaths,24.58883544392775,0.6871894039848714,25.854104894147223,0.7470175654406018
5310_Number_ofpaths,24.58883544392775,0.6871894039848714,25.796492840293208,0.6980452909502958
5831_Number_ofpaths,24.58883544392775,0.6871894039848714,25.96040918120891,0.7702067159637955
6352_Number_ofpaths,24.58883544392775,0.6871894039848714,25.940526912512723,0.7000695302826729
6873_Number_ofpaths,24.58883544392775,0.6871894039848714,25.853047788261996,0.7350078559838923
7394_Number_ofpaths,24.58883544392775,0.6871894039848714,25.90398240817101,0.6948349036542346
7915_Number_ofpaths,24.58883544392775,0.6871894039848714,25.853300067197424,0.7781714113705197
8436_Number_ofpaths,24.58883544392775,0.6871894039848714,25.92788038943671,0.7402509576513936
8957_Number_ofpaths,24.58883544392775,0.6871894039848714,25.857786574262004,0.7425785175831482
9478_Number_ofpaths,24.58883544392775,0.6871894039848714,25.80551950523675,0.7024343602559654
10000_Number_ofpaths,24.58883544392775,0.6871894039848714,25.775713146344952,0.7186209944490294
